{
  "train_losses": [
    3.793005535874186,
    3.6462483164630357,
    3.5150768032556847,
    3.3833792722677885,
    3.2877126102206073,
    3.2271780786635,
    3.196954027006898,
    3.176670675036273,
    3.1723201395590093,
    3.1695591799820524,
    3.165649356721323,
    3.162720176238048,
    3.160773545880861,
    3.160005225410944,
    3.158072184912766,
    3.159385089632831,
    3.1570500361768503,
    3.157457366774354,
    3.1562739293786546,
    3.158638160439986,
    3.156070685084862,
    3.157007431682152,
    3.1551265988168837,
    3.155430573451368,
    3.153395136700401
  ],
  "val_losses": [
    3.700732707977295,
    3.548346439997355,
    3.43017758263482,
    3.2750562826792398,
    3.219355662663778,
    3.1870716677771673,
    3.1637539863586426,
    3.1500481764475503,
    3.151601870854696,
    3.1497294902801514,
    3.1461792522006564,
    3.143605497148302,
    3.14572713110182,
    3.1429540846082897,
    3.142579608493381,
    3.1423114670647516,
    3.141184647878011,
    3.146632300482856,
    3.1395620240105524,
    3.145583709081014,
    3.144299719068739,
    3.136820395787557,
    3.138142559263441,
    3.1354351308610706,
    3.1439716815948486
  ],
  "lr_history": [
    1e-05,
    1e-05,
    1e-05,
    1e-05,
    1e-05,
    1e-05,
    1e-05,
    1e-05,
    7e-06,
    7e-06,
    7e-06,
    7e-06,
    4.9e-06,
    4.9e-06,
    3.4299999999999993e-06,
    3.4299999999999993e-06,
    2.4009999999999995e-06,
    2.4009999999999995e-06,
    1.6806999999999996e-06,
    1.6806999999999996e-06,
    1.1764899999999996e-06,
    1.1764899999999996e-06,
    8.235429999999996e-07,
    8.235429999999996e-07,
    5.764800999999997e-07
  ],
  "best_val_loss": 3.1354351308610706,
  "best_epoch": 23,
  "epochs_trained": 25
}