{
  "timestamp": "2025-10-16T17:45:16.740922",
  "variant": "RT-DETR-L",
  "metrics": {
    "metrics/precision(B)": 0.34531918636835646,
    "metrics/recall(B)": 0.38911054430730996,
    "metrics/mAP50(B)": 0.31626027933921835,
    "metrics/mAP50-95(B)": 0.2179656492270365,
    "fitness": 0.2277951122382547,
    "preprocess": 0.6980213465884854,
    "inference": 6.786388141119802,
    "loss": 0.0005633786227323557,
    "postprocess": 0.6017170767651382
  }
}