epoch,time,train/giou_loss,train/cls_loss,train/l1_loss,metrics/precision(B),metrics/recall(B),metrics/mAP50(B),metrics/mAP50-95(B),val/giou_loss,val/cls_loss,val/l1_loss,lr/pg0,lr/pg1,lr/pg2
1,274.92,1.5384,0.55152,1.1868,0,0,0,0,1.50266,0.49862,1.24869,0.0670577,0.000332751,0.000332751
2,519.969,1.39167,0.52672,1.03977,0.11631,0.01213,0.01767,0.00352,1.25193,0.61421,1.08841,0.0340511,0.00065949,0.00065949
