epoch,time,train/giou_loss,train/cls_loss,train/l1_loss,metrics/precision(B),metrics/recall(B),metrics/mAP50(B),metrics/mAP50-95(B),val/giou_loss,val/cls_loss,val/l1_loss,lr/pg0,lr/pg1,lr/pg2
1,295.729,1.5091,0.66645,1.15294,0.33546,0.0018,0.00094,0.00016,1.44351,0.56718,1.27429,0.0670577,0.000332751,0.000332751
2,557.905,1.39042,0.54009,1.02486,0.01549,0.01545,0.01036,0.00223,1.21912,0.70154,1.04509,0.0340511,0.00065949,0.00065949
